buyer0,16,16,16,20,19,16,17,20,16,17,12,9,1,1,17,12,4,11,1,8,1,19,1,9,16,1,19,7,13,1,8,4,1,5,14,1,6,1,4,1,1,8,13,14,7,17,1,12,12,2,12,3,1,1,1,12,13,11,19,1,2,4,3,1,1,12,10,10,1,10,3,4,18,5,1,1,1,8,2,1,11,19,9,1,11,18,16,9,15,1,8,18,8,15,5,3,4,11,11,7
buyer1,17,15,15,20,18,15,15,18,16,18,1,1,1,11,6,19,5,1,15,1,18,12,14,1,8,9,12,1,1,19,16,1,7,7,15,1,1,5,18,1,5,3,1,13,8,17,2,1,9,5,1,19,1,6,1,6,1,5,12,14,1,3,17,9,8,1,1,1,1,1,4,3,5,7,12,19,2,1,16,14,2,11,5,1,14,16,2,10,16,17,1,1,6,7,1,7,11,1,18,3
buyer2,15,19,15,17,16,17,15,18,15,16,5,1,4,3,10,1,6,1,5,6,7,2,5,2,18,10,15,17,1,1,19,3,13,1,7,18,5,1,18,19,4,1,17,10,11,3,13,1,1,1,12,2,11,11,9,14,1,5,12,8,12,1,1,1,1,1,1,15,18,6,11,2,1,19,1,2,17,9,11,19,11,11,4,5,5,1,1,11,1,7,3,1,15,14,13,16,10,1,8,1
buyer3,17,18,15,16,15,15,15,20,15,20,15,18,10,1,8,15,17,1,10,9,16,1,1,18,16,13,2,1,5,1,1,8,4,9,8,5,10,2,9,1,17,1,14,5,1,8,12,7,1,1,3,1,19,12,2,1,11,1,6,3,1,1,1,10,8,19,19,2,5,8,5,6,1,2,16,8,6,1,1,4,11,1,18,18,10,9,6,1,15,6,10,13,6,1,14,5,1,9,18,16
buyer4,19,15,16,15,16,19,17,20,16,20,1,19,9,16,1,12,6,17,17,14,1,4,1,4,14,6,15,9,6,13,4,3,16,19,1,6,1,19,15,5,1,9,1,7,10,14,1,12,1,1,12,9,1,1,5,11,6,1,1,7,2,5,13,18,17,1,1,19,13,5,12,6,12,18,10,1,1,7,16,1,1,6,1,3,1,16,10,4,11,1,6,12,4,1,16,16,1,1,4,6
buyer5,15,17,16,20,16,19,19,17,15,20,19,1,10,4,16,9,18,8,15,1,2,1,6,9,3,1,13,1,18,1,19,1,1,12,1,13,13,15,1,1,1,11,2,14,17,1,5,1,6,17,1,1,4,1,11,19,7,1,7,3,1,1,2,1,19,15,9,1,10,5,1,4,19,1,7,1,1,1,13,2,1,11,18,18,19,1,1,1,7,1,14,1,13,2,4,14,18,13,15,1
buyer6,20,15,17,16,19,17,19,18,16,19,10,9,2,12,19,6,17,8,11,15,1,1,2,7,1,5,2,1,18,10,14,7,13,17,1,8,14,4,1,5,3,1,2,12,8,10,1,7,16,1,1,1,15,4,2,8,8,7,2,1,8,13,5,9,11,3,15,18,1,11,1,14,1,4,11,3,1,1,1,1,5,14,1,18,9,1,1,13,9,10,1,19,8,9,14,13,12,3,1,1
buyer7,19,19,19,16,15,17,18,20,16,19,4,5,9,12,8,19,4,19,6,5,9,19,4,1,7,3,16,11,17,1,6,9,16,4,1,2,12,1,14,10,1,11,16,13,9,14,11,4,14,1,1,1,7,1,1,14,8,2,17,19,10,9,17,1,11,1,2,1,13,9,1,5,13,5,16,8,2,19,12,1,11,17,10,1,1,4,1,19,11,9,1,6,1,7,19,1,6,15,1,19
buyer8,16,16,16,17,19,16,18,16,18,17,3,17,1,4,18,10,1,9,1,17,4,2,1,15,18,7,3,6,19,6,1,1,18,6,2,9,1,1,11,5,11,4,8,9,9,10,4,16,1,1,1,9,1,6,13,16,4,16,14,13,18,18,2,1,1,11,16,13,15,16,12,2,13,1,1,19,7,6,18,2,1,6,12,5,7,1,15,1,1,12,1,16,19,10,7,13,4,1,17,1
buyer9,20,17,15,15,16,16,17,15,16,19,1,1,13,4,1,1,1,2,19,1,10,1,7,1,3,1,8,6,14,3,11,1,1,15,1,11,1,5,2,1,8,1,11,6,1,1,19,1,14,15,7,5,17,4,1,17,1,1,3,17,1,1,1,17,9,1,1,1,1,18,4,13,9,19,1,1,1,1,1,16,15,1,11,1,1,1,10,10,2,3,19,1,6,7,1,1,13,6,11,3
buyer10,17,17,19,16,15,20,20,17,20,20,1,3,5,5,6,1,16,18,7,11,9,15,16,1,15,1,12,8,5,2,14,1,5,1,4,1,18,13,1,19,2,2,4,1,9,1,9,14,1,1,11,1,18,18,2,17,1,11,18,12,1,1,1,7,6,1,15,13,13,8,15,1,5,1,6,1,15,13,6,1,3,17,1,6,9,1,11,5,13,1,9,14,13,11,3,5,6,11,1,14
buyer11,18,17,19,15,16,17,20,17,16,16,2,10,1,1,1,1,9,13,3,2,4,1,1,11,11,14,1,5,1,16,1,8,16,14,1,8,9,1,1,2,4,9,4,1,18,1,1,9,14,1,1,19,1,14,18,9,1,1,2,14,1,13,16,5,10,1,1,6,3,9,9,4,10,6,2,1,1,17,16,5,17,1,1,17,4,13,1,9,11,8,4,10,10,1,1,19,1,5,5,1
buyer12,16,16,16,20,18,19,15,19,18,19,12,15,1,11,12,1,1,1,7,8,3,12,15,16,19,11,1,9,1,14,14,1,18,11,1,17,14,1,11,1,7,1,5,7,15,1,18,1,15,19,5,1,5,17,5,3,1,1,3,18,15,1,17,10,2,4,7,17,1,12,1,14,1,15,5,5,1,1,14,3,4,1,1,1,13,17,12,3,3,8,4,2,7,1,11,13,1,18,9,1
buyer13,16,15,18,18,20,19,16,17,16,16,1,12,1,19,18,6,4,13,5,4,1,7,12,1,6,1,3,1,1,1,13,9,1,9,1,12,1,7,17,2,3,1,12,1,5,7,5,7,1,8,12,11,1,8,15,1,14,5,1,4,1,9,1,1,12,1,15,1,1,13,1,1,19,1,10,1,1,15,11,10,15,1,6,1,15,19,15,5,17,15,1,14,5,12,1,2,19,1,6,4
buyer14,19,16,19,15,16,20,16,18,19,16,15,1,3,19,7,13,10,14,19,10,1,8,1,8,16,4,1,6,18,12,1,1,1,1,1,1,10,1,16,18,13,13,9,1,6,8,16,12,10,4,9,17,18,17,1,8,12,1,1,17,12,9,1,19,8,17,1,16,1,1,17,1,16,16,4,5,14,15,1,6,9,7,1,4,13,5,1,12,12,13,4,1,18,4,11,2,16,1,6,12
buyer15,20,18,18,16,19,19,19,18,20,18,1,10,10,11,9,14,11,8,1,2,1,4,13,10,11,13,14,3,5,12,8,13,10,9,18,5,12,2,18,12,1,7,13,15,13,10,16,19,12,7,1,15,9,1,19,1,14,6,11,19,1,1,10,7,3,9,1,1,1,15,1,9,18,1,12,18,1,17,1,10,18,5,1,15,1,13,1,8,10,1,12,10,1,11,19,9,4,3,5,14
buyer16,19,17,17,18,19,15,16,16,19,18,15,2,13,1,5,19,12,8,16,3,5,11,5,1,10,8,1,9,8,9,10,18,1,1,11,15,8,5,14,18,14,1,17,1,5,6,1,1,9,1,15,11,18,7,15,1,1,1,1,1,1,7,12,15,1,11,13,7,17,1,1,1,13,9,1,17,1,1,1,17,12,17,8,6,1,1,16,18,18,4,15,10,10,17,14,15,6,6,18,13
buyer17,17,18,17,18,20,16,18,20,18,16,7,6,1,1,14,2,12,5,1,1,3,3,14,10,6,5,1,6,14,5,1,8,14,18,1,9,1,9,4,15,1,9,12,12,12,1,5,8,11,3,1,5,8,2,1,16,12,6,18,8,1,5,5,1,1,1,9,1,5,11,1,1,19,15,5,1,1,8,1,11,11,19,16,13,17,15,3,14,9,8,2,18,7,6,1,16,4,1,1,4
buyer18,16,18,18,15,18,17,19,20,16,16,15,15,6,14,1,4,7,1,11,4,19,9,1,15,12,8,10,1,16,1,13,1,1,10,14,7,11,18,12,4,1,3,18,15,13,9,10,13,8,1,1,1,1,1,2,16,7,9,12,19,8,1,1,15,10,5,15,15,1,1,19,6,1,3,4,3,11,2,1,10,1,9,18,1,1,17,19,12,1,8,5,4,1,15,5,1,1,17,1,4
buyer19,20,20,15,18,17,16,16,17,15,15,3,1,1,2,17,1,16,10,3,3,15,1,7,8,3,4,1,14,17,1,1,14,18,17,7,6,1,10,19,1,4,3,1,9,13,12,18,18,7,13,18,15,1,3,6,13,2,1,1,1,1,8,1,1,8,12,1,1,1,1,1,11,5,1,10,1,1,1,3,13,1,1,19,13,11,12,9,9,1,5,1,1,1,7,15,12,5,1,7,18
buyer20,15,18,18,16,17,18,15,19,19,16,7,3,1,1,1,12,2,9,11,13,11,11,1,11,10,3,17,16,7,15,1,15,18,1,1,1,8,1,3,10,13,1,1,6,14,1,3,9,1,3,15,18,1,4,12,19,1,1,3,7,1,14,6,2,19,2,10,17,16,6,18,1,15,2,16,1,11,7,9,11,7,1,3,1,1,15,1,12,6,1,1,11,13,15,1,6,16,19,16,7
buyer21,19,19,15,17,15,19,17,19,16,19,9,9,13,9,1,1,16,17,1,15,18,2,11,1,3,8,1,1,5,1,7,10,13,1,14,16,8,15,1,1,7,1,6,12,1,1,13,1,1,19,18,1,4,17,12,1,19,19,19,1,19,1,6,16,17,1,9,7,1,1,1,12,14,14,12,4,1,1,1,8,7,1,15,8,4,13,15,17,6,19,11,19,1,8,11,18,7,3,1,1
buyer22,19,15,19,17,16,16,17,16,18,15,6,10,19,1,1,1,10,9,15,8,17,9,1,12,19,1,1,1,1,9,1,1,5,13,1,9,6,7,4,18,18,1,7,6,16,11,13,14,1,17,14,13,19,7,2,1,1,14,14,6,1,1,3,3,1,18,1,1,14,1,1,6,1,1,14,8,1,1,14,9,13,1,1,17,1,3,3,1,1,18,1,7,6,1,5,17,18,6,1,1
buyer23,17,20,16,18,17,19,16,20,18,16,17,18,4,10,7,7,10,9,4,1,1,8,1,15,7,1,19,1,6,4,4,13,3,2,1,1,6,17,1,8,5,1,3,1,19,9,13,2,18,1,1,5,18,4,1,2,1,1,8,1,1,13,1,18,9,14,4,11,14,1,18,16,6,15,19,14,1,10,1,5,1,12,19,1,12,5,9,15,2,1,19,1,18,8,1,10,10,1,2,1
buyer24,20,17,16,19,17,15,16,17,20,20,6,3,9,12,1,18,1,7,8,2,15,4,13,6,1,8,15,19,14,11,4,1,1,12,1,16,1,1,18,9,3,10,13,1,6,1,1,1,13,1,1,18,1,1,1,8,8,1,7,7,9,18,8,1,2,2,15,7,10,8,1,11,1,3,4,16,1,2,12,1,4,3,2,8,1,1,1,10,1,1,5,11,1,13,2,15,10,5,5,6
buyer25,17,16,18,16,18,20,17,16,15,16,11,1,3,1,1,8,1,1,14,19,1,1,18,1,13,1,13,1,11,6,8,13,14,1,1,1,4,1,17,1,1,10,10,3,17,8,5,11,5,1,1,1,1,14,17,3,7,1,4,1,10,10,7,1,6,1,17,14,1,17,6,12,7,1,4,17,1,6,11,1,6,6,7,6,1,16,1,7,16,17,1,8,15,1,1,12,13,1,14,11
buyer26,15,17,16,19,20,20,15,16,19,19,17,9,6,14,1,15,2,11,7,2,16,1,19,6,15,15,5,1,1,1,1,16,3,1,11,17,18,12,5,1,2,1,1,9,18,1,13,4,1,2,1,14,6,17,1,1,3,1,12,17,8,1,11,18,18,1,1,1,17,1,14,11,1,1,10,7,1,2,1,19,6,17,10,6,11,13,16,15,1,16,10,17,1,5,1,7,3,1,11,3
buyer27,20,17,20,19,19,17,20,18,18,19,1,9,9,11,3,14,16,1,18,1,7,1,1,16,1,17,1,1,11,4,1,9,1,18,6,11,12,5,1,17,1,1,9,19,9,1,14,2,15,14,7,8,1,9,10,1,3,1,5,19,5,10,1,1,1,7,9,1,1,6,6,2,13,6,1,11,12,17,8,1,6,10,13,1,9,3,6,1,17,1,1,4,1,6,9,19,14,12,8,14
buyer28,15,16,18,17,18,18,18,18,15,18,9,4,1,1,1,1,1,14,2,15,1,1,11,9,8,18,1,2,1,19,7,8,12,1,8,3,11,17,10,1,4,17,1,14,1,10,1,8,4,6,12,1,6,17,18,1,19,1,11,3,16,12,19,2,2,8,10,10,13,1,2,12,1,12,1,1,1,10,1,1,17,1,15,1,19,10,1,4,5,3,4,19,19,14,12,1,17,1,19,1
buyer29,17,17,18,19,17,20,17,18,19,16,4,12,7,1,8,1,17,18,18,12,1,1,18,3,14,12,13,7,8,4,12,3,9,16,8,6,1,17,1,1,10,5,19,1,1,13,13,19,1,17,5,1,19,2,2,1,1,9,1,13,6,1,9,1,6,7,6,5,4,8,1,5,12,3,16,13,1,18,1,1,17,1,1,17,19,4,2,14,17,1,1,1,14,1,12,11,1,1,1,15
buyer30,18,19,19,19,18,16,17,17,20,18,15,1,12,5,1,10,4,13,1,4,12,2,1,1,1,1,1,2,2,11,14,11,1,5,9,1,1,1,17,1,2,1,3,8,5,12,13,1,19,6,2,1,5,14,16,7,1,4,12,1,19,15,17,2,18,1,11,11,1,2,2,6,15,4,7,12,12,1,2,1,3,14,4,1,16,5,12,19,5,1,2,13,1,16,9,13,1,1,13,13
buyer31,15,18,17,15,19,17,17,20,16,15,9,1,11,1,9,14,18,4,1,10,1,9,1,9,16,14,13,5,9,1,19,7,19,18,5,3,2,13,11,7,1,13,8,5,18,9,1,1,3,6,4,16,5,18,17,1,11,13,3,1,1,17,17,8,1,10,11,1,15,14,1,1,5,14,7,10,13,1,8,17,14,16,10,14,19,8,1,18,4,10,1,1,1,15,8,13,17,18,1,3
buyer32,16,20,17,15,19,17,19,15,20,18,1,1,10,7,1,1,1,15,12,1,16,11,17,1,8,5,1,1,2,1,1,16,14,12,1,16,1,1,9,1,14,1,9,8,1,7,13,1,11,2,1,1,3,5,14,1,6,1,1,5,18,2,1,1,1,18,1,19,3,18,16,18,15,1,15,1,14,11,1,1,2,1,15,3,5,11,9,5,7,5,19,1,1,10,2,3,14,1,6,10
buyer33,15,18,18,15,19,19,19,20,18,15,18,7,2,19,1,18,3,18,1,13,12,6,2,11,1,9,8,1,11,1,1,1,1,8,1,14,16,12,5,11,11,9,8,1,1,19,11,4,1,1,13,19,14,11,11,1,1,10,5,16,4,7,1,8,19,1,17,1,19,16,18,2,6,17,15,4,6,15,3,5,13,8,2,8,1,7,13,3,17,17,14,8,5,1,7,18,19,5,17,13
buyer34,19,17,18,16,18,19,16,18,16,18,3,8,1,1,19,18,1,1,1,14,6,14,1,19,10,1,10,1,7,11,18,1,8,1,15,5,1,10,1,6,19,1,10,3,18,17,6,19,2,5,16,1,1,1,1,19,15,16,4,1,2,17,3,1,1,1,9,1,16,3,7,17,4,5,18,1,1,1,12,19,1,9,4,9,1,1,3,6,2,18,6,8,1,3,8,1,13,4,3,5
buyer35,18,16,15,18,19,20,16,16,16,16,16,9,13,18,2,10,14,2,13,10,18,7,1,16,19,9,1,1,15,7,17,1,1,7,9,14,1,2,1,4,7,18,18,6,16,1,1,1,15,16,1,15,1,1,4,3,1,17,19,1,5,1,18,1,1,1,19,8,1,13,1,15,14,1,6,1,11,1,12,11,6,1,1,1,1,9,1,9,5,4,11,18,13,12,4,9,1,7,1,2
buyer36,15,15,15,18,20,18,18,17,15,17,1,3,1,1,12,4,1,1,7,13,1,18,1,19,1,1,17,19,8,1,7,10,2,16,1,5,18,14,8,11,18,1,6,1,5,1,16,5,2,8,3,14,1,16,1,17,16,1,7,18,13,8,1,5,7,1,13,1,1,19,13,1,18,3,1,1,1,8,3,1,1,16,12,15,8,10,17,8,1,9,1,18,11,8,1,13,16,1,11,8
buyer37,20,20,17,15,16,18,19,15,18,17,5,1,7,16,8,1,13,10,19,17,18,3,15,1,1,2,15,1,19,16,1,1,12,1,13,12,1,14,1,4,1,13,1,1,1,7,10,16,11,4,1,1,3,1,8,1,2,1,16,1,16,4,1,3,17,1,7,9,1,1,13,13,19,13,5,13,19,14,15,1,3,4,7,19,1,1,1,7,11,1,1,1,1,18,1,6,17,3,1,5
buyer38,15,18,16,17,19,18,20,19,18,17,1,11,19,5,15,1,5,1,1,1,3,15,1,1,1,6,1,17,9,17,9,1,16,6,18,1,11,6,13,18,1,11,12,9,11,5,4,8,1,1,7,9,9,1,4,1,4,1,1,1,12,7,1,1,1,19,1,18,17,1,2,12,6,1,9,1,19,18,1,8,1,8,1,8,9,1,14,18,3,4,1,3,3,10,4,16,12,7,15,18
buyer39,15,18,18,17,20,19,15,20,20,18,3,18,1,1,1,15,1,3,19,10,16,3,6,2,10,1,14,1,5,1,1,1,1,1,4,15,15,11,10,1,18,8,2,7,9,12,1,6,5,13,1,1,2,1,2,9,1,6,5,1,1,13,13,1,9,15,19,15,4,7,17,7,1,15,19,1,8,1,11,17,17,1,15,1,2,16,17,17,19,1,17,17,1,14,1,14,1,6,10,8
buyer40,19,18,17,18,20,15,15,19,16,19,14,1,2,1,7,16,8,18,1,5,11,1,1,10,1,11,11,11,19,9,12,14,19,4,1,13,1,1,1,2,6,9,6,1,1,12,7,1,1,1,1,6,13,1,1,9,1,13,1,18,1,6,10,1,1,14,13,1,1,11,12,3,16,14,1,10,2,1,3,1,14,3,1,1,1,17,16,14,19,4,13,3,1,16,7,2,12,1,13,5
buyer41,16,19,16,18,19,17,20,16,19,18,9,1,1,4,1,18,1,5,4,3,19,1,9,4,5,1,13,1,1,15,6,1,1,11,1,18,12,6,12,15,9,14,5,7,18,8,4,5,11,1,16,9,1,18,13,14,3,13,4,17,1,8,1,10,1,15,9,1,7,1,14,11,9,6,6,17,7,1,5,10,7,1,10,14,8,16,1,13,1,5,12,1,1,19,18,19,1,8,5,7
buyer42,16,19,18,20,18,17,19,17,17,19,14,12,1,18,14,5,1,14,7,6,1,1,8,1,1,9,6,3,3,1,1,12,9,11,9,9,17,1,4,13,5,1,17,1,5,1,16,1,1,1,3,2,1,1,5,5,1,15,1,15,12,9,1,9,5,13,7,1,16,5,16,1,1,5,18,1,1,1,6,7,16,1,1,4,1,7,9,16,16,1,6,1,5,3,9,10,3,1,1,9
buyer43,17,15,19,18,19,19,19,19,18,16,8,9,16,4,1,2,1,19,10,2,4,3,1,1,19,1,8,6,9,9,1,2,12,1,9,18,13,1,15,13,4,1,1,1,1,1,3,10,1,17,18,1,1,5,1,1,18,1,1,19,5,1,11,17,1,17,6,5,8,1,17,12,1,9,1,1,1,11,1,19,18,8,1,1,9,9,12,14,1,12,13,4,18,15,1,4,1,2,12,3
buyer44,18,17,16,17,19,16,15,20,15,19,1,1,4,12,16,17,1,15,7,1,19,17,3,19,4,1,9,1,2,12,12,1,3,19,1,1,1,17,7,18,19,16,4,1,8,12,1,13,10,1,1,3,9,19,19,13,1,1,1,17,1,19,12,17,4,14,1,1,9,1,8,8,12,19,1,1,1,11,5,17,19,4,1,12,16,17,1,8,1,1,16,1,14,1,8,1,15,9,13,1
buyer45,15,20,16,16,17,20,16,16,17,15,7,11,9,1,18,7,9,1,14,1,17,3,6,3,13,1,11,1,13,15,4,15,18,14,1,1,10,4,14,19,19,9,6,6,1,4,1,5,8,10,11,3,17,11,1,1,3,18,3,6,18,10,9,10,11,1,1,13,5,1,1,1,13,2,1,1,18,4,18,1,1,14,1,10,3,1,12,14,1,9,1,14,1,1,7,19,11,3,1,19
buyer46,16,16,15,16,20,20,17,16,15,19,11,1,2,15,1,1,17,1,1,1,13,4,1,3,1,1,4,15,1,18,3,11,2,18,8,13,1,2,1,18,4,1,2,10,16,7,1,10,1,8,1,8,1,8,1,7,16,18,14,18,5,16,19,4,16,16,1,1,11,3,9,1,1,13,16,17,12,17,9,1,3,19,1,10,11,1,17,1,1,1,4,1,1,12,16,1,1,17,2,2
buyer47,19,16,17,19,16,16,18,15,20,15,19,8,17,1,6,14,16,1,1,8,15,12,12,7,5,6,6,5,19,1,18,5,1,15,14,11,18,11,6,7,1,12,3,9,4,1,1,17,8,6,1,1,3,17,18,1,1,1,10,4,1,1,12,1,12,13,4,4,14,1,1,13,1,15,13,1,9,18,1,1,4,12,1,1,11,1,6,1,10,15,1,5,16,9,1,7,1,6,17,1
buyer48,18,17,20,17,18,18,19,20,18,20,1,13,11,1,10,6,1,13,4,1,14,1,7,4,13,9,10,6,11,5,12,18,7,2,3,5,1,4,12,1,6,5,1,13,15,1,10,5,10,11,12,5,16,11,3,12,3,9,3,12,3,12,10,6,14,10,14,1,15,15,17,18,8,9,1,1,1,18,11,2,12,14,1,12,17,1,12,1,1,9,5,12,12,1,10,18,1,9,1,11
buyer49,20,17,19,19,18,19,18,20,20,17,9,1,2,14,1,1,7,16,3,14,1,1,2,11,7,17,1,10,17,13,13,3,11,4,1,1,1,10,6,14,4,16,12,3,18,16,1,5,16,1,1,6,9,18,2,8,7,1,5,14,9,1,1,14,1,1,1,10,7,17,3,18,14,19,1,15,1,15,18,17,2,1,8,19,3,16,1,15,1,4,14,19,1,7,16,1,1,4,17,2
buyer50,20,15,16,18,19,19,16,20,20,17,4,2,11,1,4,1,13,1,3,1,1,12,1,7,6,16,3,3,7,1,1,7,1,1,1,1,1,2,14,16,1,6,1,1,1,14,10,6,18,14,5,6,16,8,15,1,11,6,1,3,8,17,11,8,1,14,12,19,1,15,1,4,1,7,9,1,5,18,7,6,7,1,1,12,12,17,3,10,9,18,2,1,18,16,10,19,5,5,1,4
buyer51,19,18,16,20,16,20,20,17,19,18,1,10,18,1,14,17,6,13,14,15,13,2,1,1,5,8,1,1,12,1,9,9,16,18,15,8,15,13,1,9,1,1,2,15,1,11,1,17,17,9,19,16,17,7,13,2,1,5,3,4,17,1,11,12,12,12,6,7,13,4,1,4,6,17,1,7,1,1,1,1,6,14,18,11,1,1,1,12,1,1,9,1,1,1,1,1,17,4,1,15
buyer52,16,16,15,16,19,15,17,20,18,15,1,16,18,15,1,13,1,11,12,1,1,15,8,1,1,3,1,18,1,17,14,17,19,10,18,13,19,7,15,1,5,9,1,1,1,1,12,4,16,3,1,1,1,1,10,5,1,2,18,14,18,1,1,18,11,2,1,16,13,1,1,4,17,15,1,19,1,1,14,19,4,1,1,1,15,12,4,4,1,6,1,10,16,1,4,16,15,1,12,1
buyer53,17,18,18,19,18,16,17,15,19,18,7,15,1,1,19,17,8,12,11,4,5,9,8,9,8,16,8,11,13,4,17,13,1,10,12,16,1,7,11,2,8,12,5,1,8,1,13,12,7,1,10,17,1,11,15,18,1,4,8,5,10,18,10,10,1,17,1,12,1,13,1,16,1,1,19,19,6,18,17,10,10,1,12,9,1,4,15,1,16,1,1,1,1,6,11,2,1,11,1,9
buyer54,16,15,17,19,19,17,15,19,18,15,9,5,15,3,19,7,19,18,17,16,3,13,10,1,8,18,13,4,1,14,1,1,1,1,8,7,19,10,11,10,1,1,6,2,1,6,1,1,3,3,8,15,19,14,15,19,5,2,5,1,8,8,18,4,1,1,1,19,1,11,1,10,10,15,17,9,1,1,1,1,10,18,1,14,14,12,1,1,11,18,9,1,1,1,1,15,3,15,13,1
buyer55,17,18,20,20,20,18,17,17,17,20,17,12,15,15,9,16,19,1,1,13,1,1,1,3,4,3,14,2,12,8,14,1,14,14,6,1,7,4,8,19,6,2,16,1,19,1,1,1,1,15,1,13,6,12,15,10,1,2,18,1,9,5,1,12,1,8,8,17,1,5,1,1,17,11,5,8,14,1,13,3,8,18,17,9,17,1,1,1,1,14,5,1,10,1,9,10,10,1,1,14
buyer56,18,15,19,18,15,18,16,20,16,20,13,13,1,8,19,9,18,2,5,1,5,19,16,1,15,6,1,1,1,1,1,8,5,6,1,1,1,10,4,15,1,19,4,1,1,6,2,16,1,4,4,7,3,1,1,1,6,17,9,1,3,6,1,6,11,13,1,3,4,17,1,1,2,1,8,1,16,11,1,1,10,1,3,19,1,1,18,1,1,2,1,12,1,4,6,2,1,7,13,1
buyer57,19,15,16,15,17,18,18,15,19,15,7,1,9,7,1,8,8,6,15,1,13,1,1,1,1,15,8,2,4,18,4,3,10,4,8,1,1,15,5,13,4,1,12,7,18,1,3,8,2,2,4,17,12,8,19,17,11,1,1,9,1,9,17,16,1,11,7,1,17,3,1,19,14,19,8,1,5,1,1,16,1,8,3,3,12,7,8,3,8,1,1,1,1,10,17,1,1,9,6,5
buyer58,17,16,16,15,19,18,15,20,18,19,11,4,5,19,16,10,7,7,19,3,15,8,18,4,1,10,10,1,15,12,1,5,9,1,9,1,1,1,1,7,2,17,3,13,18,1,7,1,8,3,10,12,11,1,6,1,13,14,17,1,1,6,1,14,1,13,7,1,1,8,4,1,1,8,6,1,8,1,11,10,1,1,2,7,9,9,11,1,1,19,1,4,1,1,2,18,7,2,11,11
buyer59,16,16,16,15,16,19,16,16,15,19,3,1,1,9,15,12,1,16,3,14,1,18,13,18,19,7,1,1,7,1,5,12,1,8,1,17,16,1,10,13,1,1,18,10,1,1,1,3,1,1,2,1,6,1,8,14,18,7,1,12,15,1,7,1,16,3,17,13,8,1,1,1,1,13,16,11,1,1,17,15,15,1,6,6,12,1,1,1,18,1,1,16,1,6,12,1,5,2,1,18
buyer60,15,16,16,17,17,19,15,20,15,18,4,10,14,7,6,1,11,1,6,1,9,9,9,1,15,15,3,11,1,1,14,17,9,11,1,1,13,5,1,2,8,10,3,1,5,11,1,8,18,6,13,4,11,2,1,1,9,1,19,6,14,13,16,18,4,17,12,13,18,13,7,1,7,18,17,5,19,3,1,10,4,1,3,10,6,1,16,16,14,8,3,1,1,2,3,14,1,8,1,8
buyer61,19,17,19,18,20,20,20,17,15,17,15,8,18,1,14,16,7,1,5,11,1,1,18,6,2,14,19,11,9,1,2,11,8,13,1,8,15,1,8,1,13,5,1,9,6,12,3,2,1,19,4,15,11,1,5,7,11,6,17,13,10,16,13,12,1,3,18,19,5,1,1,3,1,8,19,1,19,19,8,10,1,1,1,15,1,1,7,17,1,16,19,6,2,1,15,5,3,3,1,10
buyer62,16,16,19,15,20,18,16,15,19,17,13,6,1,1,16,14,14,2,1,7,4,7,4,1,13,17,1,1,1,3,10,11,1,12,1,1,5,1,2,17,1,8,8,1,9,15,2,1,17,1,1,2,17,2,1,10,1,1,14,1,1,12,1,2,6,10,3,17,13,1,10,13,12,17,14,1,1,1,1,9,11,5,8,7,18,2,1,10,1,16,1,1,1,4,11,1,1,6,1,11
buyer63,15,20,20,17,20,20,17,17,17,17,1,1,1,5,1,19,1,4,10,4,6,3,18,4,1,1,1,1,1,15,4,1,14,18,10,6,5,5,1,2,16,11,1,7,18,6,5,1,4,11,11,1,1,1,1,2,1,11,1,5,5,1,5,13,1,10,14,15,1,10,9,6,1,1,12,1,4,1,1,14,15,18,7,2,4,3,1,8,12,1,6,1,1,1,1,9,1,17,8,4
buyer64,18,17,18,19,17,20,18,16,19,20,1,17,19,1,2,16,12,2,17,18,9,1,18,9,8,14,1,1,1,6,15,1,16,3,1,11,15,11,17,15,18,2,1,16,4,12,19,5,1,7,6,10,6,1,14,13,7,4,18,19,11,1,8,6,2,1,1,1,1,5,4,3,16,18,1,1,3,1,17,2,1,18,10,16,12,1,15,5,9,1,15,1,19,1,1,6,9,8,14,1
buyer65,17,20,15,16,20,20,17,20,18,20,1,10,9,4,18,1,3,19,2,10,1,1,1,1,7,19,1,17,17,1,1,14,1,6,15,1,6,8,1,10,1,7,8,6,17,8,13,12,1,8,17,11,8,18,1,6,17,10,13,1,4,12,8,10,1,1,1,3,6,3,11,4,5,17,1,9,11,10,7,1,1,17,1,7,8,14,9,3,5,5,1,17,8,10,9,16,1,1,10,1
buyer66,19,19,17,17,16,18,18,16,18,20,1,1,1,7,12,19,16,15,4,3,9,14,1,1,1,1,3,5,1,5,3,1,19,17,3,1,2,18,1,4,11,9,8,1,4,1,11,1,7,11,1,1,1,8,1,12,15,5,1,7,5,9,14,7,15,16,1,1,3,14,1,19,18,6,12,1,1,1,17,1,19,13,8,8,1,3,1,15,1,1,1,15,7,1,1,1,10,1,12,3
buyer67,17,15,16,17,20,18,18,16,17,15,1,4,14,3,2,7,1,14,7,19,6,1,6,1,1,1,13,16,1,15,13,9,1,1,12,1,1,12,2,1,18,19,1,4,6,6,4,1,11,1,5,1,1,1,5,6,3,6,1,18,1,17,17,10,18,2,14,1,11,16,10,1,13,7,12,19,1,7,7,10,1,12,1,5,14,14,16,1,1,7,19,8,1,2,4,19,1,1,12,6
buyer68,15,20,15,15,15,19,17,19,19,18,1,13,15,5,1,1,1,1,15,3,1,10,4,16,15,3,5,1,1,2,8,15,16,4,3,17,12,1,11,1,15,18,14,11,6,1,11,1,15,1,10,5,1,6,1,1,11,10,15,1,4,5,6,19,9,17,1,6,11,11,1,6,10,1,1,1,14,9,2,16,1,5,18,1,2,2,15,11,5,4,5,9,14,11,7,13,3,1,1,7
buyer69,19,17,17,16,18,16,18,17,17,18,1,9,12,18,1,1,3,1,7,5,15,1,3,8,6,12,1,19,1,15,17,1,14,11,13,10,4,18,8,16,6,1,11,1,18,2,3,1,1,15,1,15,2,3,5,1,2,12,1,1,1,10,7,19,1,1,16,19,1,1,1,1,7,1,8,6,19,19,8,11,1,17,1,1,12,18,1,1,18,13,10,18,6,7,1,5,12,13,1,1
buyer70,18,16,17,17,16,20,17,20,20,16,1,8,7,18,9,19,17,17,6,1,4,1,18,18,9,10,14,11,1,19,14,1,5,12,7,11,3,11,6,1,14,15,12,1,18,3,8,1,16,1,2,15,16,8,1,10,18,3,19,5,2,9,8,15,1,5,17,13,1,1,7,11,16,18,1,15,1,1,1,1,11,4,16,6,15,11,10,1,1,1,1,1,13,3,1,1,10,17,8,1
buyer71,15,19,19,19,20,17,20,15,19,19,1,1,1,3,4,1,1,15,13,1,1,1,12,1,1,17,11,13,4,10,11,18,9,15,13,14,1,7,15,9,8,11,1,1,7,16,18,16,1,6,16,12,5,19,1,1,15,11,11,13,5,3,4,1,3,18,10,17,11,11,1,14,1,1,14,14,9,9,1,1,14,1,1,9,18,13,10,1,18,1,4,11,5,1,11,14,9,3,1,10
buyer72,17,20,17,18,17,15,20,16,20,19,1,5,1,6,1,4,1,13,17,19,1,3,8,7,1,1,2,4,16,14,12,15,1,1,1,1,9,1,1,19,14,1,1,12,1,16,19,1,9,1,17,6,1,14,7,19,18,3,8,6,1,7,1,5,13,3,1,3,1,5,11,13,17,9,11,16,12,8,9,13,1,2,10,15,9,19,1,2,1,1,19,1,1,5,4,17,1,15,14,17
buyer73,20,20,17,20,16,15,18,15,16,19,2,11,6,14,13,3,15,11,19,1,6,3,8,8,18,1,1,14,4,8,18,3,7,12,5,9,1,14,8,11,10,1,1,3,1,1,2,6,10,1,18,1,18,6,13,9,1,15,9,12,12,14,6,10,15,13,19,9,2,1,2,7,14,12,3,1,15,8,8,16,16,1,4,6,17,13,5,12,1,7,1,4,14,8,10,1,1,9,4,1
buyer74,17,17,15,18,19,15,16,17,20,17,10,3,14,10,9,15,14,1,4,11,1,1,4,19,10,19,1,1,6,13,1,18,1,1,4,10,1,1,9,5,17,2,16,19,13,11,1,17,18,5,1,1,8,10,14,7,18,13,1,12,19,8,1,5,11,1,1,16,6,5,18,19,9,16,8,17,6,14,10,1,12,3,2,6,1,1,1,10,12,6,1,3,3,10,8,2,1,2,13,11
buyer75,18,15,17,20,17,17,19,16,20,15,19,9,13,8,19,10,1,12,3,1,2,16,2,1,13,3,6,17,1,17,1,1,19,12,17,1,1,3,12,11,1,10,10,1,1,17,1,1,12,1,10,17,1,13,7,14,1,1,3,1,1,1,18,1,1,8,1,12,1,14,17,16,3,6,19,1,16,6,1,19,7,3,17,1,12,11,9,3,1,11,1,13,1,13,1,6,1,5,1,13
buyer76,15,17,15,18,20,16,18,19,15,16,1,1,1,17,1,13,17,1,6,2,17,1,5,1,12,9,9,19,8,8,6,1,13,19,1,8,1,1,1,5,2,4,2,10,17,6,16,7,1,10,4,10,7,1,3,1,15,1,8,1,9,14,7,1,15,9,9,13,14,16,3,14,1,1,1,1,2,9,1,12,4,10,8,1,1,17,19,14,1,11,1,11,1,18,1,1,1,1,14,11
buyer77,19,20,19,20,18,20,18,19,20,18,16,12,16,1,1,14,1,1,1,7,1,11,4,17,8,1,1,1,11,18,2,6,3,4,4,7,8,7,19,2,1,13,1,3,7,1,1,16,1,1,1,6,7,7,9,10,1,10,2,1,18,17,16,14,19,12,1,5,1,9,15,2,15,13,1,18,18,15,5,1,14,3,1,1,2,1,9,1,15,14,1,13,2,1,10,1,10,12,10,14
buyer78,19,18,17,17,18,19,16,16,17,19,1,2,1,7,1,16,11,10,1,15,6,10,13,14,17,14,8,3,18,1,9,1,1,1,10,1,1,19,8,1,4,3,14,17,2,1,1,1,15,9,16,14,1,2,15,1,1,6,16,1,3,16,8,1,15,10,7,9,13,9,8,11,10,1,18,1,10,1,13,1,7,4,10,1,3,6,14,1,17,18,16,14,17,7,1,4,1,1,1,12
buyer79,15,16,19,19,18,19,18,19,16,18,16,18,1,1,15,1,1,12,12,3,15,18,13,1,3,13,1,16,15,1,3,12,1,4,4,14,15,9,1,10,14,12,1,7,7,1,9,5,17,6,1,1,18,1,6,2,1,2,1,16,15,1,15,14,17,2,7,2,15,16,10,1,18,12,10,6,5,7,2,1,9,1,8,4,3,5,3,2,17,15,11,1,2,16,8,15,1,8,12,18
buyer80,18,16,15,20,16,20,15,15,15,19,1,1,1,15,1,1,12,6,14,1,6,1,14,1,1,17,1,15,1,1,17,9,6,1,4,1,1,11,8,9,1,6,18,1,2,10,1,1,5,1,1,16,18,14,3,9,14,18,1,6,18,8,1,1,1,1,8,2,7,15,4,1,1,5,1,5,1,1,1,8,13,1,5,1,7,5,2,15,9,16,1,8,1,12,1,15,7,16,17,11
buyer81,18,19,20,17,18,19,19,18,18,18,1,1,13,1,15,11,5,8,5,1,15,1,9,15,19,6,12,7,18,1,19,11,1,1,1,1,1,2,1,18,4,8,5,8,4,1,1,5,2,1,9,5,3,5,17,2,7,1,19,9,1,15,1,19,12,17,2,1,4,5,1,1,18,1,1,1,9,19,1,1,16,3,14,12,9,1,17,12,9,2,13,4,19,16,1,2,6,15,1,13
buyer82,16,16,18,19,15,19,20,20,15,15,1,4,1,8,15,1,9,14,5,1,1,18,10,1,7,13,8,16,1,1,1,12,1,1,13,1,1,1,11,1,1,10,1,17,15,6,16,2,13,17,11,6,4,19,1,13,1,11,3,1,14,10,1,1,17,15,5,1,4,5,6,1,19,1,16,1,1,1,7,1,1,12,1,11,18,14,16,18,1,13,5,1,4,5,18,4,6,8,1,1
buyer83,18,17,15,17,15,20,19,20,17,17,1,10,13,12,1,12,1,1,1,8,1,1,1,8,8,15,1,1,6,2,1,10,12,1,1,19,1,7,1,10,16,2,12,1,10,8,14,5,5,9,1,1,1,8,16,10,5,5,9,6,6,1,4,5,15,1,1,1,14,1,16,1,10,18,9,14,1,16,9,16,4,1,14,1,1,2,1,14,12,1,8,15,1,1,8,3,17,1,1,10
buyer84,15,17,19,18,20,16,18,19,20,16,15,17,6,18,8,1,8,18,10,6,11,1,19,12,1,5,18,7,1,14,1,1,18,6,7,1,14,2,7,1,10,12,14,16,1,17,15,4,1,1,1,10,1,11,5,16,19,8,1,1,5,6,5,11,13,1,5,4,19,1,1,1,16,15,1,5,16,9,1,15,1,3,19,5,13,1,11,9,17,5,8,1,8,14,19,5,19,1,19,18
buyer85,19,17,15,16,19,19,17,16,20,18,5,1,1,4,11,15,6,1,1,16,1,13,3,18,2,6,16,1,3,1,6,19,12,14,13,1,1,1,5,1,19,17,1,1,1,17,1,4,1,17,1,17,1,17,1,9,1,5,11,3,14,17,5,9,2,1,1,1,13,7,17,1,1,19,3,19,1,15,11,19,15,13,13,12,4,1,1,13,6,1,11,10,18,1,14,1,1,7,18,1
buyer86,19,19,17,17,16,19,20,17,19,16,16,17,16,1,2,1,1,1,6,15,2,1,17,16,1,6,17,1,1,16,1,1,9,1,17,18,1,16,1,1,1,16,6,19,1,2,10,16,1,19,9,1,1,17,14,5,1,3,15,9,10,15,6,5,2,15,17,1,16,5,18,1,9,1,6,17,17,7,2,1,1,2,12,19,16,1,8,11,13,1,1,14,5,1,3,12,4,2,13,11
buyer87,19,16,17,17,15,19,18,15,16,20,8,1,1,11,1,1,10,12,17,3,15,15,4,6,2,12,1,18,18,1,2,1,6,9,10,1,13,12,1,1,1,12,15,6,1,16,13,9,12,12,8,1,1,1,1,1,13,6,17,14,1,1,1,7,6,3,1,16,1,1,12,4,16,14,1,10,2,1,1,1,1,11,1,11,10,10,1,11,7,1,7,1,14,14,9,1,1,18,5,18
buyer88,17,17,20,15,15,18,16,16,15,16,19,1,14,1,1,16,9,1,9,13,5,4,6,18,13,1,5,11,1,15,1,16,1,12,1,18,4,12,1,14,6,9,1,4,12,14,4,7,19,15,11,1,1,1,11,1,19,1,12,17,1,10,2,1,12,7,1,8,1,1,6,13,3,1,16,1,1,1,3,1,9,14,1,12,14,1,5,4,4,15,7,7,5,13,17,5,1,1,15,18
buyer89,19,15,19,19,20,18,17,18,20,16,1,1,11,1,11,18,1,12,10,1,4,18,13,1,18,1,1,13,18,4,7,14,6,1,1,10,1,1,2,2,1,4,3,14,1,10,8,1,12,1,1,7,15,17,1,4,11,2,17,9,4,3,1,13,13,11,1,1,1,1,1,10,2,8,1,8,1,16,4,9,11,9,4,1,1,1,14,8,4,18,16,6,5,1,2,1,4,8,1,1
buyer90,17,19,16,16,17,15,15,15,20,19,8,1,18,1,11,1,8,11,7,7,4,19,1,1,12,17,12,1,17,1,1,1,1,8,1,19,4,5,9,6,1,19,1,1,1,11,4,12,9,1,14,2,1,7,11,18,12,11,16,9,14,7,1,15,14,1,5,1,9,7,4,18,1,1,12,14,9,1,9,1,19,17,3,4,10,19,15,4,1,6,1,12,14,1,11,10,1,10,11,2
buyer91,19,20,17,18,16,15,16,20,17,20,1,4,1,1,1,7,11,6,19,4,7,1,8,14,14,19,19,14,8,1,15,1,1,1,3,1,19,1,1,15,8,3,1,1,6,1,1,9,8,9,4,1,3,1,5,1,2,1,4,9,4,1,12,15,1,3,15,12,19,3,11,1,8,17,10,13,9,4,15,1,6,1,4,1,4,15,16,11,1,18,10,13,18,1,4,1,10,1,1,7
buyer92,15,17,20,16,19,15,16,20,18,18,1,9,1,1,12,12,4,19,4,5,19,1,8,17,16,5,7,6,1,7,9,18,7,1,4,1,6,1,7,1,1,15,17,1,18,1,1,17,13,17,11,11,1,12,9,1,14,3,1,11,8,1,3,1,16,15,1,1,2,1,1,14,7,19,12,4,1,1,1,3,5,1,1,1,12,10,1,7,1,1,1,1,1,14,1,1,1,16,10,15
buyer93,20,19,19,16,18,19,20,20,17,18,8,1,1,17,7,11,5,9,1,14,14,4,3,1,11,9,1,17,5,18,11,12,1,8,1,1,19,9,12,1,1,1,12,5,1,1,19,1,1,6,9,5,14,5,8,1,1,10,7,6,14,18,1,8,16,1,1,1,10,10,10,18,1,1,1,19,3,2,14,16,1,5,1,3,1,9,7,9,1,1,1,19,1,19,19,8,3,11,9,3
buyer94,16,16,17,15,17,15,16,15,19,15,1,1,9,7,14,16,15,18,1,1,9,8,16,8,12,12,15,1,17,3,6,1,17,14,18,1,6,5,17,6,9,1,2,4,10,18,6,10,17,12,14,6,1,1,15,1,18,1,11,19,2,1,14,8,6,11,4,1,12,1,18,8,1,14,1,1,12,1,1,1,12,7,1,12,8,18,11,7,1,2,1,2,2,1,1,14,2,16,1,19
buyer95,19,19,18,20,19,19,19,15,18,15,16,1,8,1,1,1,3,1,1,1,1,1,12,1,4,15,1,9,1,17,13,1,1,1,1,1,12,5,1,1,14,1,1,13,7,1,1,1,1,10,1,9,19,1,10,19,1,15,16,14,1,1,1,5,13,1,1,16,17,8,1,1,1,18,12,15,15,15,1,1,5,1,19,9,19,19,2,4,6,5,2,15,1,5,2,1,6,1,2,1
buyer96,19,15,15,17,19,17,20,18,20,19,18,1,1,4,14,17,11,1,1,1,7,2,15,10,8,18,4,7,1,11,16,1,8,16,5,1,1,1,19,1,6,17,2,13,15,15,12,1,1,1,1,15,18,1,5,19,14,4,9,15,1,3,1,13,17,1,3,1,1,1,1,1,1,7,1,1,1,9,1,16,16,1,1,14,11,1,1,7,1,2,19,18,11,1,1,1,1,10,2,13
buyer97,15,16,18,18,17,19,19,20,16,17,1,3,1,1,18,2,14,1,8,8,5,5,8,10,14,10,3,9,14,1,8,15,1,16,4,5,12,6,8,18,14,1,7,3,10,3,1,18,12,5,2,1,5,15,1,18,1,16,18,1,8,16,1,18,1,1,11,11,9,18,14,1,1,1,2,10,11,17,9,2,12,19,1,9,13,9,1,1,18,17,7,11,2,18,1,19,1,9,17,1
buyer98,15,20,20,16,20,15,17,16,20,15,1,18,17,1,2,2,7,1,17,9,19,3,1,1,7,1,1,11,2,16,1,1,5,17,1,1,10,13,5,17,17,16,1,15,1,7,1,13,7,16,19,1,8,1,2,1,11,11,1,1,5,15,1,9,15,14,1,3,18,17,1,7,16,18,14,4,10,1,1,5,1,8,11,12,7,1,12,10,10,2,5,1,3,13,17,19,7,11,17,3
buyer99,20,20,20,18,16,20,17,17,20,20,19,1,6,1,1,12,10,14,19,1,1,1,8,15,1,5,4,1,7,1,1,15,10,18,10,1,13,1,10,15,1,4,1,19,18,1,1,19,10,18,1,5,1,1,15,11,6,2,7,4,1,13,1,3,1,16,7,8,14,1,12,1,14,6,1,6,7,4,1,2,14,5,1,10,1,1,2,4,1,1,1,8,1,1,10,3,17,8,1,5
